outcome_dataset	snp	exp_chr	exp_pos	match_method	exp_effect_allele	exp_other_allele	beta_eqtl	se_eqtl	pval_eqtl	beta_gwas_aligned	se_gwas	pval_gwas	SNP.PP.H4	outcome_variant_id
FinnGen_R12_I9_MYOCARD	rs17643734	7	17162882	rsID	G	A	0.47750368044453	0.0164997816324993	3.7714e-184	-0.00428581	0.0626635	0.945472	0.999995928439536	7:17123258:A:G
FinnGen_R12_I9_MYOCARD	rs59291726	7	17211078	rsID	T	C	0.273313082920104	0.0136712593623438	6.4911e-89	-0.00172304	0.0612122	0.977544	1.91732545775627e-94	7:17171454:C:T
Sakaue2021_BBJ_Myocarditis	rs59291726	7	17211078	rsID	T	C	0.273313082920104	0.0136712593623438	6.4911e-89	0.492086906888395	0.558403333155739	0.378188366062817	0.999999999999687	7:17211078:C:T
Sakaue2021_EUR_Myocarditis	rs17643734	7	17162882	chr_pos	G	A	0.47750368044453	0.0164997816324993	3.7714e-184	0.1309	0.1154	0.2568	0.999998379599339	7:17162882:A:G
Sakaue2021_EUR_Myocarditis	rs59291726	7	17211078	chr_pos	T	C	0.273313082920104	0.0136712593623438	6.4911e-89	0.1828	0.1072	0.08809	3.51307473996784e-94	7:17211078:C:T
