outcome_dataset	outcome_population	mr_method	mr_nsnp	mr_beta	mr_se	mr_pval	mr_OR	mr_OR_lci95	mr_OR_uci95	mr_interpretation	coloc_status	coloc_n_overlap	coloc_ncase	coloc_ncontrol	coloc_PP_H1	coloc_PP_H3	coloc_PP_H4	coloc_interpretation	genetic_layer_conclusion
FinnGen_R12_I9_MYOCARD	Finnish / European	Inverse variance weighted	3	-0.0841541441589101	0.110883737017888	0.447888229496635	0.919289542059954	0.739717983564117	1.14245331453071	negative_not_significant	ok	7171	2062	252810	0.695558431860181	0.28360099779762	0.0208405703421851	no_strong_colocalization	no_direct_genetic_support_for_AHR_expression_effect
Sakaue2021_BBJ_Myocarditis	East Asian / BBJ	Wald ratio	1	0.695950500897761	1.05958833810212	0.511301706921199	2.00561450662909	0.251366651750381	16.002478933425	positive_not_significant	ok	5192	102	177745	0.628665310605573	0.309478424195998	0.0618562651984347	no_strong_colocalization	no_direct_genetic_support_for_AHR_expression_effect
Sakaue2021_EUR_Myocarditis	European	Inverse variance weighted	3	0.0985944326550057	0.202427692789513	0.626215809699308	1.1036186171099	0.742179727190159	1.64107696210288	positive_not_significant	ok	7383	633	427278	0.596062835808026	0.355667369172704	0.0482697950192621	no_strong_colocalization	no_direct_genetic_support_for_AHR_expression_effect
