id.exposure	exposure	nsnp	b	se	pval	or	or_lci95	or_uci95	p_fdr_ivw_final5	paper_exposure	paper_nsnp	paper_or	paper_p	or_diff	nsnp_match
ebi-met1400-GCST90199636	Kynurenine levels	5	0.365196011789701	0.142791782759392	0.0105414763462652	1.44079639355257	1.08906999623301	1.90611646161809	0.0175691272437754	Kynurenine	5	1.441	0.018	-0.000203606447430005	TRUE
ebi-met1400-GCST90199772	1-stearoyl-GPE (18:0) levels	7	0.233600141183423	0.104485550368766	0.025370302216558	1.2631393138233	1.0292274399032	1.5502121924344	0.0287942184706151	1-stearoyl-GPE (18:0)	7	1.263	0.029	0.000139313823300125	TRUE
ebi-met1400-GCST90199813	Deoxycarnitine levels	5	-0.206587810386346	0.0944923051693536	0.0287942184706151	0.813354837318615	0.675844182669155	0.978844100983313	0.0287942184706151	Deoxycarnitine	5	0.813	0.029	0.000354837318615076	TRUE
ebi-met1400-GCST90200661	X-25422 levels	6	-0.326923577686009	0.10525386538768	0.00189605815555531	0.721138852020582	0.58671203287365	0.8863653969162	0.00948029077777657	X-25,422	6	0.721	0.018	0.000138852020582059	TRUE
ebi-met1400-GCST90200680	5-acetylamino-6-formylamino-3-methyluracil levels	4	-0.146562985761883	0.0550621438189156	0.00777300360508163	0.863671331624706	0.77531584737945	0.962095862726931	0.0175691272437754	5-acetylamino-6-formylamino-3-methyluracil	4	0.864	0.009	-0.000328668375293995	TRUE
