id.exposure	id.outcome	outcome	exposure	method	nsnp	b	se	pval	lo_ci	up_ci	or	or_lci95	or_uci95	p_fdr_ivw_final5	expected_nsnp_paper
ebi-met1400-GCST90199636	finngen_R10_I9_MYOCARD	Myocarditis	Kynurenine levels	Inverse variance weighted	5	0.365196011789701	0.142791782759392	0.0105414763462652	0.0853241175812937	0.645067905998108	1.44079639355257	1.08906999623301	1.90611646161809	0.0175691272437754	5
ebi-met1400-GCST90199772	finngen_R10_I9_MYOCARD	Myocarditis	1-stearoyl-GPE (18:0) levels	Inverse variance weighted	7	0.233600141183423	0.104485550368766	0.025370302216558	0.0288084624606416	0.438391819906204	1.2631393138233	1.0292274399032	1.5502121924344	0.0287942184706151	7
ebi-met1400-GCST90199813	finngen_R10_I9_MYOCARD	Myocarditis	Deoxycarnitine levels	Inverse variance weighted	5	-0.206587810386346	0.0944923051693536	0.0287942184706151	-0.391792728518279	-0.0213828922544128	0.813354837318615	0.675844182669155	0.978844100983313	0.0287942184706151	5
ebi-met1400-GCST90200661	finngen_R10_I9_MYOCARD	Myocarditis	X-25422 levels	Inverse variance weighted	6	-0.326923577686009	0.10525386538768	0.00189605815555531	-0.533221153845861	-0.120626001526157	0.721138852020582	0.58671203287365	0.8863653969162	0.00948029077777657	6
ebi-met1400-GCST90200680	finngen_R10_I9_MYOCARD	Myocarditis	5-acetylamino-6-formylamino-3-methyluracil levels	Inverse variance weighted	4	-0.146562985761883	0.0550621438189156	0.00777300360508163	-0.254484787646958	-0.0386411838768086	0.863671331624706	0.77531584737945	0.962095862726931	0.0175691272437754	4
