SNP	beta.exposure	se.exposure	pval.exposure	effect_allele.exposure	other_allele.exposure	eaf.exposure	chr.exposure	pos.exposure	exposure	mr_keep.exposure	pval_origin.exposure	id.exposure	gcst	F_stat
rs35853021	0.209211	0.0156847	1.38224e-40	T	G	0.349697	15	58388444	1-stearoyl-GPE (18:0) levels	TRUE	reported	ebi-met1400-GCST90199772	GCST90199772	177.916652158387
rs77692382	0.183751	0.017437	5.77053e-26	T	C	0.249206	1	39941043	1-stearoyl-GPE (18:0) levels	TRUE	reported	ebi-met1400-GCST90199772	GCST90199772	111.049315878456
rs633695	0.16951	0.0169379	1.409e-23	G	A	0.284666	15	58433640	1-stearoyl-GPE (18:0) levels	TRUE	reported	ebi-met1400-GCST90199772	GCST90199772	100.15474251068
rs438811	0.116028	0.018073	1.36284e-10	T	C	0.223265	19	44913484	1-stearoyl-GPE (18:0) levels	TRUE	reported	ebi-met1400-GCST90199772	GCST90199772	41.215931102977
rs139097404	0.289241	0.0469129	7.02638e-10	C	T	0.0265712	15	43641743	1-stearoyl-GPE (18:0) levels	TRUE	reported	ebi-met1400-GCST90199772	GCST90199772	38.0132627815758
rs780093	-0.0905397	0.0153703	3.84867e-09	C	T	0.597446	2	27519736	1-stearoyl-GPE (18:0) levels	TRUE	reported	ebi-met1400-GCST90199772	GCST90199772	34.6987167601723
rs174560	-0.0922747	0.0163052	1.52072e-08	C	T	0.308028	11	61814292	1-stearoyl-GPE (18:0) levels	TRUE	reported	ebi-met1400-GCST90199772	GCST90199772	32.0267613290146
