SNP	beta	se	pval	effect_allele	other_allele	eaf	chr_name	chrom_start	F_stat_raw	id.exposure	exposure	gcst	F_stat
rs10774021	0.351263	0.0141938	3.28849e-135	T	C	0.651563	12	240132	612.44550203627	ebi-met1400-GCST90199813	Deoxycarnitine levels	GCST90199813	612.44550203627
rs1171615	0.142349	0.0168286	2.70294e-17	T	C	0.77054	10	59709332	71.5505317338157	ebi-met1400-GCST90199813	Deoxycarnitine levels	GCST90199813	71.5505317338157
rs17243908	0.276975	0.0357078	8.71619e-15	C	A	0.039432	11	27095194	60.1665285889781	ebi-met1400-GCST90199813	Deoxycarnitine levels	GCST90199813	60.1665285889781
rs2072536	0.0888067	0.0143927	6.81839e-10	T	C	0.406837	12	204273	38.0721075227284	ebi-met1400-GCST90199813	Deoxycarnitine levels	GCST90199813	38.0721075227284
rs2255531	0.0899565	0.0146227	7.65871e-10	A	G	0.347887	12	120977112	37.8451263253021	ebi-met1400-GCST90199813	Deoxycarnitine levels	GCST90199813	37.8451263253021
