SNP	beta	se	pval	effect_allele	other_allele	eaf	chr_name	chrom_start	F_stat_raw	id.exposure	exposure	gcst	F_stat
rs4843270	0.205627	0.0165261	1.53431e-35	A	C	0.265349	16	87844466	154.817313182933	ebi-met1400-GCST90199636	Kynurenine levels	GCST90199636	154.817313182933
rs61825638	0.130031	0.0171027	2.89497e-14	T	C	0.246402	1	241550102	57.8048727391462	ebi-met1400-GCST90199636	Kynurenine levels	GCST90199636	57.8048727391462
rs3184504	-0.108142	0.0148104	2.83947e-13	C	T	0.513669	12	111446804	53.3157126022874	ebi-met1400-GCST90199636	Kynurenine levels	GCST90199636	53.3157126022874
rs6540080	-0.107927	0.0164258	5.01151e-11	A	G	0.287217	16	87784963	43.1724951641605	ebi-met1400-GCST90199636	Kynurenine levels	GCST90199636	43.1724951641605
rs10216901	-0.092585	0.0153069	1.4614e-09	T	C	0.372432	8	39947074	36.5853127439895	ebi-met1400-GCST90199636	Kynurenine levels	GCST90199636	36.5853127439895
