exposure	outcome_dataset	outcome_population	instrument_setting	setting_label	method	nsnp	beta	se	z	pval	OR	OR_lci95	OR_uci95	OR_CI95	Q	Q_df	Q_pval	direction_summary
AHR_expression_eQTLGen_whole_blood	FinnGen_R12_I9_MYOCARD	Finnish / European	p0p00000005_r2_0p001_kb10000	p<5e-8, r2<0.001, 10Mb	Inverse variance weighted	3	-0.0841541441589101	0.110883737017888	-0.758940367831707	0.447888229496635	0.919289542059954	0.739717983564117	1.14245331453071	0.919 (0.740–1.142)	2.7897532102217	2	0.247863619584147	negative_not_significant
AHR_expression_eQTLGen_whole_blood	Sakaue2021_BBJ_Myocarditis	East Asian / BBJ	p0p00000005_r2_0p001_kb10000	p<5e-8, r2<0.001, 10Mb	Wald ratio	1	0.695950500897761	1.05958833810212	0.656812156072151	0.511301706921199	2.00561450662909	0.251366651750381	16.002478933425	2.006 (0.251–16.002)	NA	NA	NA	positive_not_significant
AHR_expression_eQTLGen_whole_blood	Sakaue2021_EUR_Myocarditis	European	p0p00000005_r2_0p001_kb10000	p<5e-8, r2<0.001, 10Mb	Inverse variance weighted	3	0.0985944326550057	0.202427692789513	0.487060002988453	0.626215809699308	1.1036186171099	0.742179727190159	1.64107696210288	1.104 (0.742–1.641)	1.81464168394525	2	0.403604095967516	positive_not_significant
