SNP	beta	se	pval	effect_allele	other_allele	eaf	chr_name	chrom_start	F_stat_raw	id.exposure	exposure	gcst	F_stat
rs1115784	0.626255	0.0162373	1.1125369292536e-308	G	A	0.295497	8	18397900	1487.56099748354	ebi-met1400-GCST90200680	5-acetylamino-6-formylamino-3-methyluracil levels	GCST90200680	1487.56099748354
rs12545528	-0.164242	0.0166001	4.41954e-23	T	G	0.390469	8	18414438	97.8919638615948	ebi-met1400-GCST90200680	5-acetylamino-6-formylamino-3-methyluracil levels	GCST90200680	97.8919638615948
rs971770	-0.262581	0.0311507	3.47514e-17	C	T	0.925458	8	18360305	71.0543997936854	ebi-met1400-GCST90200680	5-acetylamino-6-formylamino-3-methyluracil levels	GCST90200680	71.0543997936854
rs7836592	-0.11192	0.0163442	7.50594e-12	T	C	0.484754	8	18157388	46.8908458525427	ebi-met1400-GCST90200680	5-acetylamino-6-formylamino-3-methyluracil levels	GCST90200680	46.8908458525427
