id.exposure	exposure_r2_approx	ivw_beta_log_or	Power_approx	Power_approx_percent
ebi-met1400-GCST90199636	0.0373835508227352	0.365196011789701	0.999945801253975	99.9945801253975
ebi-met1400-GCST90199772	0.0608138001032741	0.233600141183423	0.997856010290173	99.7856010290173
ebi-met1400-GCST90199813	0.0764791044835289	-0.206587810386346	0.997860081365806	99.7860081365806
ebi-met1400-GCST90200661	0.0558794630066387	-0.326923577686009	0.999996338424527	99.9996338424527
ebi-met1400-GCST90200680	0.191903904578848	-0.146562985761883	0.999935084226363	99.9935084226363
