Outcome	Exposure	nSNP	expected_nsnp_paper	IVW_Pval_FDR	IVW_raw_pval	OR	OR_ci95	Heterogeneity_Q	Heterogeneity_pval	Egger_intercept	Pleiotropy_pval	Steiger_direction	Steiger_pval	Power_approx_percent	exposure_r2_approx	MR_PRESSO_global_p	MR_PRESSO_outlier_snps	MR_PRESSO_status	FDR_source	id.exposure
Myocarditis	Kynurenine levels	5	5	0.01757	0.0105414763462652	1.441	1.089-1.906	4.697	0.3199	-0.035200148212951	0.6525			100.0%	0.0373835508227352	0.4142		ok	final5_only	ebi-met1400-GCST90199636
Myocarditis	1-stearoyl-GPE (18:0) levels	7	7	0.02879	0.025370302216558	1.263	1.029-1.550	5.93	0.4311	0.0144933330807735	0.7963			99.8%	0.0608138001032741	0.4861		ok	final5_only	ebi-met1400-GCST90199772
Myocarditis	Deoxycarnitine levels	5	5	0.02879	0.0287942184706151	0.813	0.676-0.979	2.446	0.6544	0.0253658080749554	0.522			99.8%	0.0764791044835289	0.6073		ok	final5_only	ebi-met1400-GCST90199813
Myocarditis	X-25422 levels	6	6	0.00948	0.00189605815555531	0.721	0.587-0.886	0.763	0.9793	-0.00819890451520347	0.868			100.0%	0.0558794630066387	0.9848		ok	final5_only	ebi-met1400-GCST90200661
Myocarditis	5-acetylamino-6-formylamino-3-methyluracil levels	4	4	0.01757	0.00777300360508163	0.864	0.775-0.962	2.513	0.473	-0.00496507365063329	0.9056			100.0%	0.191903904578848	0.591		ok	final5_only	ebi-met1400-GCST90200680
