Outcome	Exposure	nSNP	expected_nsnp_paper	IVW_Pval_FDR	IVW_raw_pval	OR	OR_ci95	Heterogeneity_Q	Heterogeneity_pval	Egger_intercept	Pleiotropy_pval	Steiger_direction	Steiger_pval	Power_approx_percent	exposure_r2_approx	MR_PRESSO_global_p	MR_PRESSO_outlier_snps	MR_PRESSO_status	FDR_source	id.exposure
Myocarditis	Kynurenine levels	5	5	0.0175691272437754	0.0105414763462652	1.44079639355257	1.089-1.906	4.69651938631373	0.319876921692643	-0.035200148212951	0.652484999567518			99.9945801253975	0.0373835508227352	0.4142		ok	final5_only	ebi-met1400-GCST90199636
Myocarditis	1-stearoyl-GPE (18:0) levels	7	7	0.0287942184706151	0.025370302216558	1.2631393138233	1.029-1.550	5.92993574220516	0.43108438540291	0.0144933330807735	0.79629102282161			99.7856010290173	0.0608138001032741	0.4861		ok	final5_only	ebi-met1400-GCST90199772
Myocarditis	Deoxycarnitine levels	5	5	0.0287942184706151	0.0287942184706151	0.813354837318615	0.676-0.979	2.44556844045302	0.654408400464478	0.0253658080749554	0.522033227767179			99.7860081365806	0.0764791044835289	0.6073		ok	final5_only	ebi-met1400-GCST90199813
Myocarditis	X-25422 levels	6	6	0.00948029077777657	0.00189605815555531	0.721138852020582	0.587-0.886	0.763033090102577	0.979331048127376	-0.00819890451520347	0.868038216316303			99.9996338424527	0.0558794630066387	0.9848		ok	final5_only	ebi-met1400-GCST90200661
Myocarditis	5-acetylamino-6-formylamino-3-methyluracil levels	4	4	0.0175691272437754	0.00777300360508163	0.863671331624706	0.775-0.962	2.51294366204018	0.472956414783831	-0.00496507365063329	0.905573739068572			99.9935084226363	0.191903904578848	0.591		ok	final5_only	ebi-met1400-GCST90200680
