SNP	beta	se	pval	effect_allele	other_allele	eaf	chr_name	chrom_start	F_stat_raw	id.exposure	exposure	gcst	F_stat
rs10240723	-0.241981	0.0147294	1.19812e-60	T	C	0.381729	7	97981884	269.893497765411	ebi-met1400-GCST90200661	X-25422 levels	GCST90200661	269.893497765411
rs2282377	-0.198248	0.0213001	1.31041e-20	G	C	0.12992	14	104105483	86.6272134523671	ebi-met1400-GCST90200661	X-25422 levels	GCST90200661	86.6272134523671
rs1620646	0.19375	0.0221557	2.23159e-18	A	C	0.120766	7	97996146	76.4737647071653	ebi-met1400-GCST90200661	X-25422 levels	GCST90200661	76.4737647071653
rs1510303	-0.101038	0.0143321	1.79209e-12	A	G	0.521954	7	97744357	49.6992485757242	ebi-met1400-GCST90200661	X-25422 levels	GCST90200661	49.6992485757242
rs2169387	-0.134199	0.0244416	4.00599e-08	G	A	0.90217	8	9323885	30.1466663630991	ebi-met1400-GCST90200661	X-25422 levels	GCST90200661	30.1466663630991
rs1047891	0.0853351	0.0156234	4.70748e-08	A	C	0.308919	2	210675783	29.8335063693504	ebi-met1400-GCST90200661	X-25422 levels	GCST90200661	29.8335063693504
