score	control_q90_threshold	control_q95_threshold	control_q99_threshold
AHR_regulon_proxy_score_expr	0.23245754837989807	0.30866452008485784	0.4457379820942871
AHR_response_score_expr	0.2275528907775879	0.2783159330487248	0.4071645021438584
KYN_metabolism_score_expr	0.0	0.0	0.0
Kyn_AHR_axis_score_expr	0.9517981377246238	1.3959670116263057	2.6721515122805193
Kyn_AHR_myeloid_score_expr	0.8336501514140824	1.29531375666958	2.215933295130221
Kyn_AHR_myeloid_score_z	0.19353895187377934	0.34967803061008423	0.8090997970104206
myeloid_inflammation_score_expr	0.25316372513771057	0.3147238790988922	0.4943439552187893
